year,Port,North Lima,Old town,San Juan de Lurigancho,East Lima,High income Lima,South Lima,South beach
2018,0.0984134466568703,0.20649985913875418,0.16116886845896983,0.10113580181436964,0.10671496380768172,0.1645861191982493,0.15353301895169885,0.007948006064244388
